id,width,height,area_ratio,box_scale,total_corners,error,perimeter,file,label
1,83,80,0.6536144578313253,0.963855421686747,172,0.13406995901364804,0.9453708741562498,./sample_dataset/img/1.png,NONE
2,92,84,0.6713250517598344,0.9130434782608695,111,0.11745156604395109,0.8289946879852902,./sample_dataset/img/2.png,NONE
3,84,133,0.40440386680988183,0.631578947368421,184,0.5490083166000035,1.0395028159915027,./sample_dataset/img/3.png,NONE
4,91,89,0.6952710211137177,0.978021978021978,105,0.021661899661184498,0.8323999885055754,./sample_dataset/img/4.png,NONE
5,91,87,0.6914235190097259,0.9560439560439561,143,0.053179832278018216,0.8752952780616418,./sample_dataset/img/5.png,NONE
6,81,82,0.6936163806082505,0.9878048780487805,156,0.06752189926895329,0.8622030893717807,./sample_dataset/img/6.png,NONE
7,93,88,0.6717986314760508,0.946236559139785,113,0.06623987920274368,0.8454385910244936,./sample_dataset/img/7.png,NONE
8,139,61,0.5624484019341903,0.43884892086330934,228,0.5472893698567413,0.9835102710127831,./sample_dataset/img/8.png,NONE
