id,width,height,area_ratio,box_scale,total_corners,error,perimeter,file,label
1,82,81,0.6788617886178862,0.9878048780487805,146,0.09154034067287953,0.8282427604944428,./sample_dataset/img/1.png,NONE
2,93,86,0.6307826956739184,0.9247311827956989,139,0.13763541625905076,0.8299436828943604,./sample_dataset/img/2.png,NONE
3,99,166,0.6404405500791043,0.5963855421686747,163,0.34694555779431285,0.9218083741529932,./sample_dataset/img/3.png,NONE
4,74,86,0.6137649277184161,0.8604651162790697,120,0.38619589189934117,0.9649271618574857,./sample_dataset/img/4.png,NONE
5,105,119,0.5037214885954382,0.8823529411764706,148,0.49544688876995024,0.9088969933135169,./sample_dataset/img/5.png,NONE
6,110,153,0.46482471776589424,0.7189542483660131,222,0.4514881287953722,1.1792420253100957,./sample_dataset/img/6.png,NONE
